Start Value,End Value,Total Return %,Sharpe Ratio,Max Drawdown %,Win Rate %,Profit Factor,Avg R/R
100000,247211.87759999992,147.21187759999995,0.3124615692177074,34.889965057584874,38.23529411764706,1.7588132972963773,1.5633895975967798
