feature,mean,scale
close,204.96692214303894,210.38345540003272
